ticker,published_utc,title,publisher,url
LOW,2025-11-12T15:00:02+00:00,Lowe's (LOW) Earnings Expected to Grow: What to Know Ahead of Next Week's Release,Yahoo,https://finnhub.io/api/news?id=b90a08b3c63d38bbdad985f7ff9c0b0524fd9e38fa4b05d964ee9e16dc940279
LOW,2025-11-12T15:00:00+00:00,Cree Lighting Premium Lighting Collection Launches at Lowe’s with Mayim Bialik,Yahoo,https://finnhub.io/api/news?id=1fc5ea962d4e24c05d5b283c5f3ab880cc4eedeb5f1644746463755f7d85e7dc
LOW,2025-11-12T11:55:00+00:00,Alpine Income Property Trust Acquires Sam’s Club for $15.4 Million,Yahoo,https://finnhub.io/api/news?id=bd09e60b3dc29488b2ea7e245562f3d9897dcde6131de7a6c4f64dc17b156efd
LOW,2025-11-12T11:00:00+00:00,"Lowe's Companies, Inc. to Host Third Quarter 2025 Earnings Conference Call on Nov. 19",Yahoo,https://finnhub.io/api/news?id=4f33d2de7c5cc7b24a3139f762fd3fa740745617828fdfb780659da688df3059
LOW,2025-11-12T08:02:57+00:00,Lowe's Stock: Is Wall Street Bullish or Bearish?,Yahoo,https://finnhub.io/api/news?id=5a1b4927319a49a638c060cdb80612bde34797051ab0ca134743b8a0c171014c
LOW,2025-11-12T00:07:26+00:00,Wells Fargo Maintains Lowe's Companies (LOW) Overweight Recommendation,Fintel,https://finnhub.io/api/news?id=876545fd258f187fbbc4b6975fee6a8999cf578f1915db9ca43db4d21388f5d9
LOW,2025-11-12T00:03:37+00:00,Evercore ISI Group Maintains Lowe's Companies (LOW) In-Line Recommendation,Fintel,https://finnhub.io/api/news?id=e6501e495daefcf71b4e8f867bcc5c88a7829a2830a2d70f93220325744fe115
LOW,2025-11-11T18:42:06+00:00,Bernstein Lifts Lowe’s (LOW) Price Target Amid Optimism for Q3 Sales,Yahoo,https://finnhub.io/api/news?id=0297e5a6856ebee1cf350eeebe15fa8e232510070219efb2181268081bc1f83c
LOW,2025-11-11T13:16:16+00:00,Here’s Why Lowe’s Companies (LOW) Rose in Q3,Yahoo,https://finnhub.io/api/news?id=b7df332b158fbd895f58ee80fd3247d2de7244f9329b9633e4f47f0ec827a0de
LOW,2025-11-11T10:00:00+00:00,"Building Homes for Heroes, Lowe's, and Town of Mooresville to Break Ground on First-Of-Its-Kind Veterans Community",Yahoo,https://finnhub.io/api/news?id=f36573e59557ca4a73c11c99d5644be95841dd8e7cf5c0a829b10e60fa71a343
LOW,2025-11-10T15:30:00+00:00,Home Is Where The Pain Is,SeekingAlpha,https://finnhub.io/api/news?id=fba0b5dc4dc44d89148e3aafd5930b0d3b14676e4f8f7f9f91ea4aeef25e33f2
LOW,2025-11-10T14:53:48+00:00,Wall Street Lunch: Generative AI Powers October E-Commerce Spending,SeekingAlpha,https://finnhub.io/api/news?id=dce4f4231faca8f9bae441f731fdbb91b49bee3e3629e999aca01894e710bf46
LOW,2025-11-09T11:00:19+00:00,"Why Lowe's Companies, Inc. (NYSE:LOW) Could Be Worth Watching",Yahoo,https://finnhub.io/api/news?id=75cc0ac9ea7e527d36298bef4d9ce1d7be5ebd5a43dc4fcfc4f86c3eae2f7574
LOW,2025-11-06T18:32:04+00:00,3 Profitable Stocks Walking a Fine Line,Yahoo,https://finnhub.io/api/news?id=9347094bd3df4af4fd6fb981b1e2cf5bc2c7c4981ee01765db6bc33ae577f6eb
LOW,2025-11-06T16:37:00+00:00,Lowe's Cos. stock outperforms competitors despite losses on the day,MarketWatch,https://finnhub.io/api/news?id=40e5b7c369656cfd3c6fe6fea18abd09bf0eacdea07e2e368186fa6bca04d417
LOW,2025-11-06T13:00:00+00:00,"National Cash Back Day Returns with Its Biggest Savings Yet - Earn Up to 35% Cash Back from Top Retailers, November 6-8",Yahoo,https://finnhub.io/api/news?id=c27efa9bd6e160582dba597f01f00b3ec5361ae32022549bd8fde3546fe6b11b
LOW,2025-11-06T02:04:38+00:00,CNBC's Inside India newsletter: India’s ‘back offices’ are evolving into leadership hubs for global companies,CNBC,https://finnhub.io/api/news?id=e69f33256b03b2f77c6e3e70ddd9295194b3bbc473ec8a1798cafeeb3347d666
LOW,2025-11-05T22:45:03+00:00,Lowe's (LOW) Stock Sinks As Market Gains: Here's Why,Yahoo,https://finnhub.io/api/news?id=91334d8058467f6ef3a717c61288aba4985e9f5ee84fe751bb4b324449951f0e
LOW,2025-11-05T16:37:00+00:00,Lowe's Cos. stock underperforms Wednesday when compared to competitors,MarketWatch,https://finnhub.io/api/news?id=1dc1972af425e54b65311616aa2b092b1f8430505e028acb784193eacf6b5274
LOW,2025-11-05T14:00:17+00:00,"Insiders At Lowe's Companies Sold US$2.2m In Stock, Alluding To Potential Weakness",Yahoo,https://finnhub.io/api/news?id=90b7e34d48117993620d8b3b963582ffa008ef65ec692fdcf9529021d5090c46
LOW,2025-11-04T15:58:00+00:00,Inside Lowe’s social-first holiday push as Gen Alpha enters the market,Yahoo,https://finnhub.io/api/news?id=f0f8edbfccd666f2e79ffde3d57193b57507fac496498c309451b742466e67a1
LOW,2025-11-04T14:00:02+00:00,"Is Trending Stock Lowe's Companies, Inc. (LOW) a Buy Now?",Yahoo,https://finnhub.io/api/news?id=609ad4ea41e789953b75b4af62b49dde870c452048b3e1b6b34d6a6691f834ef
LOW,2025-11-04T09:15:00+00:00,The Best Dividend Stocks to Buy and Hold Forever,Yahoo,https://finnhub.io/api/news?id=c3b53f766924d21f26de6f5103dcab77a69bf4f32b818002eb02a1e2fb6b74b1
LOW,2025-11-04T04:15:00+00:00,"Palantir quarterly revenue hits $1.2B, though shares dip in after-hours trading",Yahoo,https://finnhub.io/api/news?id=2372642741b204e2d42d2c1f9d1c558550bbb1f15e6bfb0a56c2d4d0b79bc1d8
LOW,2025-11-04T03:32:22+00:00,Credit Card Stocks Q3 Results: Benchmarking Synchrony Financial (NYSE:SYF),Yahoo,https://finnhub.io/api/news?id=7d36ddd654fe2a59d07b400d04c920ca95488b4a9e45b40ff697369cf2160acd
LOW,2025-11-03T16:36:00+00:00,Lowe's Cos. stock underperforms Monday when compared to competitors,MarketWatch,https://finnhub.io/api/news?id=dfd7501a591cd31397fbc35751f908857a72a4b1ef3981e73f867b12f406d52b
LOW,2025-11-02T15:00:00+00:00,Lowe's Pledges $1 Million to Support Hurricane Recovery and Rebuilding Efforts in Jamaica,Yahoo,https://finnhub.io/api/news?id=76db1f893cf58ac1d2cbbfc39108eaa682a4a93eee4ada55cb238147abf4f5f4
LOW,2025-11-01T14:08:13+00:00,Is Lowe's (LOW) AI Collaboration With NVIDIA and Palantir Changing Its Investment Narrative?,Yahoo,https://finnhub.io/api/news?id=303349e48e2062916573019e0aaa6022e63e7950b68a6486e4ec4dd2891ac669
LOW,2025-11-01T12:00:22+00:00,Why The 42% Return On Capital At Lowe's Companies (NYSE:LOW) Should Have Your Attention,Yahoo,https://finnhub.io/api/news?id=9b05a6c4f15d05e3af8f5fa56dd6c48a258eb9fdfe1aec0ec06de5d2c573dc3c
LOW,2025-11-01T10:25:22+00:00,Best Dividend Aristocrats For November 2025,SeekingAlpha,https://finnhub.io/api/news?id=01a6605dd3fa2ffc13d7d145ac3b53189f3886bb1a8c3445329f48d86c0c75e8
LOW,2025-11-01T01:21:19+00:00,"Dividend Champion, Contender, And Challenger Highlights: Week Of November 2",SeekingAlpha,https://finnhub.io/api/news?id=ec0d276a80e08ab952f7328fbf288cfd9113664130a413a009485abe884e7623
LOW,2025-10-31T12:14:42+00:00,"Lowe's: Price May Follow Earnings And Recover With Consumers, But Upside Could Be Capped",SeekingAlpha,https://finnhub.io/api/news?id=7cf9b9594ffac8f2869ec79d75a4a70b66b6d6bfee96d7cd5911cb57d1b1f39a
LOW,2025-10-30T16:31:00+00:00,"Home Depot's Tech Edge: Faster Fulfillment, Stronger Loyalty",Yahoo,https://finnhub.io/api/news?id=3c2977ca5601e855a596ecba07bfc70bc5bd27e9ee4a1a91eb1e088c5578df9e
LOW,2025-10-30T15:45:02+00:00,Are You Looking for a High-Growth Dividend Stock?,Yahoo,https://finnhub.io/api/news?id=ee443a6bb195646aa05c14b7c0dd0703a842b29b5883761afc573600b60d996e
LOW,2025-10-29T21:45:04+00:00,Lowe's (LOW) Stock Moves -2.29%: What You Should Know,Yahoo,https://finnhub.io/api/news?id=3f91ee5315307e325de96751851ddcf6592e12f85f28b379a253a1aa8658c4a1
LOW,2025-10-29T16:45:07+00:00,Palantir X Nvidia: The Next Phase Of The AI Revolution,SeekingAlpha,https://finnhub.io/api/news?id=e6a1d8e139e5c5065c3b5549bcdd6516ab68b780d2decf07f5ae98613ed35c1e
LOW,2025-10-29T05:11:26+00:00,Best Dividend Kings: October 2025,SeekingAlpha,https://finnhub.io/api/news?id=e88d07ba5881f7fac15aa768a04affc18b86c74fac7aa9fc28bbd4c57b8e173a
LOW,2025-10-28T21:07:27+00:00,The world’s most valuable public company just laid out its vision for the future,Yahoo,https://finnhub.io/api/news?id=1e245d55e4fdf008ffda209767dc776abb7cd0b521b5f8945c787918e1384101
LOW,2025-10-28T20:22:52+00:00,"Nvidia will build AI supercomputers for US Energy Department, announces total bookings of $500 billion",Yahoo,https://finnhub.io/api/news?id=1c2443e4d0a0bd5919c583161dde09bf58b9f88eb31cb30be06f3c34f67e32c8
LOW,2025-10-28T18:54:14+00:00,Nvidia launches massive AI push with major partnerships across multiple industries,Yahoo,https://finnhub.io/api/news?id=40a73f77f6195e30d483709a921ace3b0be0f607eca26fc77b43582b35eddcd5
LOW,2025-10-28T17:36:00+00:00,Palantir and NVIDIA Team Up to Operationalize AI — Turning Enterprise Data Into Dynamic Decision Intelligence,Yahoo,https://finnhub.io/api/news?id=545d41eeb924954fbfe2ee2a760f04d9a633a6489ef7f8d3e571a7138556c87e
LOW,2025-10-28T16:38:00+00:00,Home Depot vs. Lowe's: Which Home Improvement Titan Holds the Edge?,Yahoo,https://finnhub.io/api/news?id=fdb8b070a772d9446a41c28ddc67d9e71850aad39259f55920782b29b51b335d
LOW,2025-10-28T13:30:02+00:00,Is It Worth Investing in Lowe's (LOW) Based on Wall Street's Bullish Views?,Yahoo,https://finnhub.io/api/news?id=0b7888f18ccd82d41d1ee8031e6d20b80ee7a9a4f71c92043eea2599aeced0da
LOW,2025-10-28T12:01:43+00:00,"Lowe's Companies, Inc. (NYSE:LOW) is a favorite amongst institutional investors who own 78%",Yahoo,https://finnhub.io/api/news?id=5264d600d9ed46422c079417e2dbd244c8ce1ad41ff904966a65c181957b2ebc
LOW,2025-10-28T04:02:54+00:00,3 Reasons LOW is Risky and 1 Stock to Buy Instead,Yahoo,https://finnhub.io/api/news?id=651b7627cfeda408a370ea5c104e57c2e45dd9a8fff35ff494457e2c4b5bc7b7
LOW,2025-10-28T04:02:19+00:00,3 Reasons We Love Synchrony Financial (SYF),Yahoo,https://finnhub.io/api/news?id=bbe2b0f8be8f72aa39e2ce152859ff6b84403013d28dd3913f2f3c576e9a0649
LOW,2025-10-27T13:39:28+00:00,Here's What to Expect From Lowe's Next Earnings Report,Yahoo,https://finnhub.io/api/news?id=92c847ad7d365fe0badb1dc4737d3db6e15b52e1024a6474e985fbe01d063df7
LOW,2025-10-27T12:38:19+00:00,3 Low-Volatility Stocks with Questionable Fundamentals,Yahoo,https://finnhub.io/api/news?id=a70d1aa1aa356d2098c607acf36d31067bd05dc7065877b80fc68d345a033be4
LOW,2025-10-25T07:30:00+00:00,The Coiled Spring I'm Betting On - My Top Picks For America's Next Housing Boom,SeekingAlpha,https://finnhub.io/api/news?id=5d389b7d5170b06bc880e431292ee4910cfdf6031de12a33f27093fb6120dd91
LOW,2025-10-24T13:40:03+00:00,Why Lowe's (LOW) is a Top Value Stock for the Long-Term,Yahoo,https://finnhub.io/api/news?id=fbd307eeff74e9ef66aa24a33ea8e83a4634de27bcaa0481e28ce24f0b986736
LOW,2025-10-23T20:05:00+00:00,Alpine Income Property Trust Reports Third Quarter 2025 Operating and Financial Results,Yahoo,https://finnhub.io/api/news?id=31fc6cf55173b04bf7d40110f3eb1633783bee16710145eb30cd37fb6224c364
LOW,2025-10-23T15:01:00+00:00,"Larson Named Lowe’s Vendor of Year, Millwork",Yahoo,https://finnhub.io/api/news?id=0460a278468a9180a2dfd81a6e8bbbfb71e1b68eb09384912fae8b1ba80c9265
LOW,2025-10-23T13:00:03+00:00,"Lowe's Companies, Inc. (LOW) is Attracting Investor Attention: Here is What You Should Know",Yahoo,https://finnhub.io/api/news?id=d73aef56575a49a5ad12b1475a5306e2387921041e6c44accb54cdf3479ab15c
LOW,2025-10-22T18:05:00+00:00,Can SRS and GMS Cement Home Depot's Hold on the Pro Market?,Yahoo,https://finnhub.io/api/news?id=c190641584f97b8f75c4140782c8e82f39286851c3b4e16d4f71776c998cb38c
LOW,2025-10-22T12:13:13+00:00,Assessing Lowe's Stock Value After Recent Price Swings and Earnings Trends,Yahoo,https://finnhub.io/api/news?id=6d247ed5f20b432c5b0e6e3bc58e287dcc1db7ad4dd8af40da4a563ebb87c1af
LOW,2025-10-21T21:45:03+00:00,Lowe's (LOW) Stock Moves 1.24%: What You Should Know,Yahoo,https://finnhub.io/api/news?id=fbc994c8d4911f77b18cadf9799c28afb03ac79212e8b980ab30867e7086a608
LOW,2025-10-21T12:00:00+00:00,"Lowe's Brings Joy to Holiday Shopping with Seasonal Deals, Access to Member Gifts and Standout Festive Products",Yahoo,https://finnhub.io/api/news?id=c7543370fe4259d7adfa5000cceb7f3240d9b540199fa7b7166b58da343aef33
LOW,2025-10-21T11:30:00+00:00,Capstone Highlights How Accretive M&A Drives Shareholder Value,Yahoo,https://finnhub.io/api/news?id=4bbf4d76329488c4ecf864453cb48cebaa2bed5d41989ef6f067b4452491a3d7
LOW,2025-10-20T19:45:15+00:00,UBS Survey Shows Homeowners Warming to Renovations Again,Yahoo,https://finnhub.io/api/news?id=93ad20d31a5d1f081fb9690758a22d25e0a12869294f042472cfa89def1ad13c
LOW,2025-10-20T15:00:00+00:00,Lowe's Digital Evolution Enhances Pro & DIY Experiences With AI,Yahoo,https://finnhub.io/api/news?id=14d7a3c3bdca39e7ee9e2322418645d15fd3df9359785cff029ea7fb0a3ebc94
LOW,2025-10-20T14:00:00+00:00,"Planet 13 Continues Florida Expansion, Opening its New Pace Dispensary on a Busy Retail Corridor near Pensacola",Yahoo,https://finnhub.io/api/news?id=7722ed68899253973c2bce12b04a27fc3143f4639e8c0abdd5960cc4f9583903
LOW,2025-10-19T08:00:00+00:00,"Dividend Champion, Contender, And Challenger Highlights: Week Of October 19",SeekingAlpha,https://finnhub.io/api/news?id=1ab8f2d8f69894e4a30464ae9c4b65ebcd7e2261fe29c66dcacc045b4cbd9430
LOW,2025-10-18T12:16:17+00:00,"Should You Buy Lowe's Companies, Inc. (NYSE:LOW) For Its Upcoming Dividend?",Yahoo,https://finnhub.io/api/news?id=23496f109a59abb60655a85aff8ace6b525b1147f423a40716dd696f516c1f1c
LOW,2025-10-18T02:42:50+00:00,Lowe’s Completes Acquisition of Foundation Building Materials to Strengthen Pro Customer Business,Yahoo,https://finnhub.io/api/news?id=c2db63bbc82e0e323346172de0f848ff8136c6d79866e01c23263555d42b02a7
LOW,2025-10-17T15:08:03+00:00,Jim Cramer on Home Depot: “Worst Acting Stock in the Charitable Trust”,Yahoo,https://finnhub.io/api/news?id=86148cc100dd30b9790e3d57e87aae3c735a1365fd357c7849b3d4fc141c6c10
LOW,2025-10-17T08:00:00+00:00,FDIS: Consumer Discretionary Dashboard For October,SeekingAlpha,https://finnhub.io/api/news?id=316b09ad3747d82510853c7e428d305badbc4e7e0319f2d4ba20adea7d3a2d54
LOW,2025-10-16T00:27:08+00:00,Lowe's (LOW): Assessing Valuation After Recent Share Price Decline,Yahoo,https://finnhub.io/api/news?id=b4f65dc4f5adba2ab28fa165c833414b702c77ee0dea9b3f4b8cc6ad8d1493f0
LOW,2025-10-15T20:12:00+00:00,Eric Naaman of Damotech Wins EY 2025 Entrepreneur Of The Year® Eastern Overall Award,Yahoo,https://finnhub.io/api/news?id=804bae0078e69e232e8f9e998b7d71ba920cee30c57bdd5ba1c1b2de9c5c9676
LOW,2025-10-14T21:45:05+00:00,Why the Market Dipped But Lowe's (LOW) Gained Today,Yahoo,https://finnhub.io/api/news?id=fd53776c45594f326cf5003ac0c31f2460547aa14b4cb0b86e6e0dfbf2a0eb28
LOW,2025-10-14T18:24:57+00:00,"Tuesday's volatile session bucked the trend as tech took a back seat, Jim Cramer says",CNBC,https://finnhub.io/api/news?id=bc1b9481beb51915fbf8dc4de012b4413f7bcabf2e15b522a8f8350d0b0eee61
LOW,2025-10-14T17:46:00+00:00,From Store to Site: How Home Depot Is Reinventing Fulfillment,Yahoo,https://finnhub.io/api/news?id=93c8a0958e03ea9a9de114612d098ee4315134e8d66a22c08e251346e484e08b
LOW,2025-10-14T16:37:00+00:00,Lowe's Cos. stock outperforms competitors on strong trading day,MarketWatch,https://finnhub.io/api/news?id=a16b78e7934ef9f7c27284da1afe426f30b66e896f06d6104ead55390e83e3ee
LOW,2025-10-14T13:49:00+00:00,Alpha Modus Files Patent Infringement Lawsuit Against Lowe’s for Unauthorized Use of AI Retail Technology,Yahoo,https://finnhub.io/api/news?id=dc8cb5585d2af820e2b680b4ba2a16896eeb9a542becce1ca905f2d826781aa9
LOW,2025-10-14T11:37:00+00:00,"Alpha Modus Sues Lowe's, Alleging Patent Infringement Over AI Retail Tech",MarketWatch,https://finnhub.io/api/news?id=f3d8eacfaa8ffe7b4073ba6b405be7c173c94ab97d06f51e92a51265385e25fd
LOW,2025-10-13T16:30:09+00:00,Exclusive: Alpha Modus files lawsuit against Lowe’s over AI retail patents,Yahoo,https://finnhub.io/api/news?id=6d2b8cefe3388aae046f3a3211f325a8e83d8cbbd58075fe754a3a37a2961896
LOW,2025-10-13T09:49:22+00:00,"Trex Company: Composite Decking Leader With Potential For High Growth, But Lofty Valuation - Hold",SeekingAlpha,https://finnhub.io/api/news?id=defccab6e8a2055bb34b95f7e51cb939cd64f740db3d36a455fc1014895c4407
LOW,2025-10-13T09:24:16+00:00,Lowe’s completes $8.8bn acquisition of Foundation Building Materials,Yahoo,https://finnhub.io/api/news?id=43665ee9ed258be2d900fa73ee87781788a3b41d92f0687938452b554b2134ed
LOW,2025-10-13T03:35:35+00:00,Q2 Earnings Highs And Lows: Lowe's (NYSE:LOW) Vs The Rest Of The Home Furnishing and Improvement Retail Stocks,Yahoo,https://finnhub.io/api/news?id=7ea20c547e4c21620965ff3594f705ed1c59761aeeaef9d975261718029740f9
LOW,2025-10-12T07:30:00+00:00,Why I Will Be Betting Big On America's Most Critical Market,SeekingAlpha,https://finnhub.io/api/news?id=ccb803ba117e1d93760cd1eb3faef2b8d8c1688ad65f8691427d64d334988af1
LOW,2025-10-11T14:37:00+00:00,Lowe’s finalizes billion-dollar acquisition to win back customers,Yahoo,https://finnhub.io/api/news?id=e817a558257d0e6529492d649af09c4ba51a63e92c990e1dc06240961015be26
LOW,2025-10-10T13:00:10+00:00,Lowe's Companies' (NYSE:LOW) earnings growth rate lags the 7.8% CAGR delivered to shareholders,Yahoo,https://finnhub.io/api/news?id=771cd907b60f924b3016c610565a540627fc77faf5f40e044d88c97923e1d0e3
LOW,2025-10-10T11:06:00+00:00,Lowe’s closes on deal to acquire Foundation Building Materials,Yahoo,https://finnhub.io/api/news?id=5942b24302236df6babe4eb7f12d0cd728d74ec6acbea5108e1a69e27bb0de92
LOW,2025-10-09T21:18:18+00:00,Lowe's: Valuation Already Reflects Upward Trajectory,SeekingAlpha,https://finnhub.io/api/news?id=c083eedee0afa3d4227c326753962d258c81e7bee8c69c410d7a015dbc7216fe
LOW,2025-10-09T18:14:00+00:00,Dell Technologies Up 32% in a Month: Should Investors Buy the Stock?,Yahoo,https://finnhub.io/api/news?id=56e3f93b57ebcbd96c78a723619d259d67c40b71fc8ecf2fc751fa4148f63cb7
LOW,2025-10-09T14:21:00+00:00,Home-renovation plans are being shelved. What does that tell us about the economy?,MarketWatch,https://finnhub.io/api/news?id=a0fbe4924c3376abd0ec135fdfd571a6e3a8fd970d13833b2e9f98f30f373b1d
LOW,2025-10-09T13:00:02+00:00,"Lowe's Companies, Inc. (LOW) Is a Trending Stock: Facts to Know Before Betting on It",Yahoo,https://finnhub.io/api/news?id=735ea454e629ba29545b5cabac956e5c26d65571039acfe7ca684ce73e659a32
LOW,2025-10-09T12:30:00+00:00,American Securities and CD&R Complete $8.8B Foundation Building Materials Sale,Yahoo,https://finnhub.io/api/news?id=d2266594db23211927615a2583944f133e24780d60db57977c1b2e4bda01985a
LOW,2025-10-09T11:30:00+00:00,LOWE'S COMPLETES ACQUISITION OF FOUNDATION BUILDING MATERIALS,Yahoo,https://finnhub.io/api/news?id=d50ecff22dc90e274392a3fe148babe289fc65757d786dba9d509fdbd75d169b
LOW,2025-10-08T16:32:00+00:00,Home Depot's Dual Focus: DIY Revival Meets Pro Acceleration,Yahoo,https://finnhub.io/api/news?id=a041c4569a3a577b3075b4a8ec35719e5a4094103fab529dc77e1571646bc003
LOW,2025-10-08T15:45:02+00:00,Why Lowe's (LOW) is a Great Dividend Stock Right Now,Yahoo,https://finnhub.io/api/news?id=236a412872c001366520dca982eaeb89335729de20603fa6e8f574c21ee514bb
LOW,2025-10-08T04:03:00+00:00,3 Reasons SYF Has Explosive Upside Potential,Yahoo,https://finnhub.io/api/news?id=cc39b5325aa96edddc2d82e3991033e132f0b46bbf58b17ed26041984e24a317
LOW,2025-10-07T16:07:00+00:00,"Home Depot Stock Slips Below 50-Day SMA: Buy, Sell or Stay Invested?",Yahoo,https://finnhub.io/api/news?id=d81a006665dc9634869dd7021e4d79a9f9e4b7cf4392d32d86b3afca4bb214cb
LOW,2025-10-07T13:40:03+00:00,Are You a Value Investor? This 1 Stock Could Be the Perfect Pick,Yahoo,https://finnhub.io/api/news?id=9555f4ca8ed5ba95d978c47e351857ccef66dccb9e0a27bb15c2144eaeabbd37
LOW,2025-10-06T21:45:03+00:00,Lowe's (LOW) Stock Sinks As Market Gains: What You Should Know,Yahoo,https://finnhub.io/api/news?id=564522eec3a1be94dec3260592ed0361dacc8726d7c1230c909919f60fa92196
LOW,2025-10-06T20:01:00+00:00,"Fears of Rising Mortgage Rates Hit the Housing Market. Home Depot, Builder Stocks Fall.",Yahoo,https://finnhub.io/api/news?id=57503ae71abbcb51e6cdd6c5c8017c88cca38efc485926b699798ce954cab957
LOW,2025-10-06T01:05:00+00:00,3 Reasons I'd Choose Home Depot Stock Over Lowe's Stock Any Day,Yahoo,https://finnhub.io/api/news?id=61cce70f2e6c76bb99ee1ce94b52c47544320bc9fadbbf8a5a6b2aa2fbf26105
LOW,2025-10-04T13:47:42+00:00,Assessing Lowe’s Share Price After Its Recent Dip and Q1 Earnings Miss in 2025,Yahoo,https://finnhub.io/api/news?id=9ff6d9c3bce794e113f95439bc9e05d745e5971e970af0e88af2b9fd60981b05
LOW,2025-10-04T12:02:04+00:00,Possible Bearish Signals With Lowe's Companies Insiders Disposing Stock,Yahoo,https://finnhub.io/api/news?id=398b3e62ed1d8e2b655d0ae1749c3194305352ee8abb7f514585e455b7b894fa
LOW,2025-10-03T16:55:14+00:00,McDonald's is bringing back Monopoly — analyst sees a menu of upside,Yahoo,https://finnhub.io/api/news?id=2b8c32d7d8ed14e62ddc884b36314f2aade5f7160ff41223c008ff2b78066dd5
LOW,2025-10-03T11:24:52+00:00,Synchrony buys financing software provider,Yahoo,https://finnhub.io/api/news?id=baed7ea1939c4cf74cd20e4b5c07635f2a17d54dee9e137eeb18018836fd5df8
LOW,2025-10-02T16:11:00+00:00,LOW Leverages AI to Streamline Operations & Improve Service Quality,Yahoo,https://finnhub.io/api/news?id=51b4944750909e1c3e8fef145e559c1a674cedd46f75a42b49fb4214332bd5fc
LOW,2025-10-01T20:05:00+00:00,Alpine Income Property Trust Announces Third Quarter and Year-to-Date 2025 Transaction Activity,Yahoo,https://finnhub.io/api/news?id=6570f894c5962ac8c5223423c01dddd0f16a6ba784764abf3ab8f21e2cb819d5
LOW,2025-10-01T19:17:34+00:00,The 2026 Playbook: Why Housing Is The New Tech,SeekingAlpha,https://finnhub.io/api/news?id=a34113982ac8715dd655d18aa3ac6c28e554cc5248031dbb0389339d49383d61
LOW,2025-09-30T13:00:18+00:00,"At US$253, Is It Time To Put Lowe's Companies, Inc. (NYSE:LOW) On Your Watch List?",Yahoo,https://finnhub.io/api/news?id=640edfd45f87f77c7d20d82909bc69f15e204e5561e475332131b8992a342988
LOW,2025-09-30T06:01:15+00:00,Trump visa curbs push U.S. firms to consider shifting more work to India,Yahoo,https://finnhub.io/api/news?id=16e0446d5d9a82f5377eec1c4709f89aec15bdfa3cd11ba1677ede532e5b1794
LOW,2025-09-28T09:05:00+00:00,Lowe's hottest Halloween decoration came from a former cashier,Yahoo,https://finnhub.io/api/news?id=dbde95fdadef55d1686f42cbb0b96097786ee805b1cfa85942216064e7eb024a
LOW,2025-09-28T09:05:00+00:00,A Generational Opportunity To Buy Dividends At Fire-Sale Prices,SeekingAlpha,https://finnhub.io/api/news?id=e4ebf39e9ce0272d44f553a737c0eaa524942d2d40ddec22cd7d9ecebc22d54d
LOW,2025-09-27T01:00:00+00:00,Tariffs Aren’t Hitting Earnings—Yet. Why That Might Not Last.,MarketWatch,https://finnhub.io/api/news?id=52edf0746ab95d7d30e6f9accd449abee7a415b521d6e3af08cf090dc9442c55
LOW,2025-09-26T18:08:15+00:00,Lowe's: M&A Takes Priority Over Buybacks (Downgrade),SeekingAlpha,https://finnhub.io/api/news?id=533b15a2170479d8b7c527c8b1d9ded87ce40218ab5cbdffb5388f2743dea042
LOW,2025-09-26T16:07:34+00:00,Homeowners are trading big renovations for smaller projects as economic uncertainty grows,Yahoo,https://finnhub.io/api/news?id=28d72fb05e9ffdc72340cc8de38fcfb09289cadeed4954c7feb01f49697eaf04
LOW,2025-09-26T12:00:10+00:00,Lowe's Companies (NYSE:LOW) Could Become A Multi-Bagger,Yahoo,https://finnhub.io/api/news?id=664231cdf6cac4571f7bf78b2d009d5d224dc299acb1d0b15dd44265844f985f
LOW,2025-09-26T06:55:00+00:00,Downturn Coming? 2 Dependable Income Plays Retirees Can Count On If A Recession Hits,SeekingAlpha,https://finnhub.io/api/news?id=974c283c31b0f29939c26abeea98e25252cd08208d3bae9a7f692234062457e9
LOW,2025-09-25T23:40:42+00:00,The Lowe’s Companies’ (LOW) Resilient Business Model and its Importance for Retail Dividend Stocks,Yahoo,https://finnhub.io/api/news?id=6cb68a7603e34d842441b04e56ddcfd61d6863c62ffb5f6de7eb27ee9803a0d9
LOW,2025-09-25T20:07:33+00:00,Here's Why This Analyst Prefers Lowe's Stock to Home Depot's,Yahoo,https://finnhub.io/api/news?id=61019c6b9364942e6e46621f52076365ed55620d5b196c29f4192bcef69c672d
LOW,2025-09-25T15:44:46+00:00,Home Depot: Overvalued But Worth Holding Long-Term,SeekingAlpha,https://finnhub.io/api/news?id=7c61c9bba7b36f4b349289c523bc1a538b6f667dcfde29abf9205cf3f0d7771f
LOW,2025-09-25T13:51:00+00:00,"A rebound for Home Depot and Lowe’s is ‘still a ways off’ even as rates ease, analysts say",MarketWatch,https://finnhub.io/api/news?id=35ce217c7373aca3686c483cd6f33fad55b51b1b006fdb6c57203a16508e0e45
LOW,2025-09-24T13:00:02+00:00,"Investors Heavily Search Lowe's Companies, Inc. (LOW): Here is What You Need to Know",Yahoo,https://finnhub.io/api/news?id=0d923f59691321f32cf5b2b62aee795c2937739123e7e95b5195f13e84d8e403
LOW,2025-09-23T19:17:00+00:00,"SharkNinja's Obsession With Winning Drives Growth, Says Analyst",Yahoo,https://finnhub.io/api/news?id=419a469d29f0223099dc4928a46b7eea5534010c2f4687d3debbbdd4d32a9c62
LOW,2025-09-22T14:42:00+00:00,Can Lower Rates Unlock Big-Ticket Sales for Home Depot Ahead?,Yahoo,https://finnhub.io/api/news?id=d243cdfc86a5744c409eb6742390205ac42677450bbe410ea14efc7de7c855da
LOW,2025-09-21T20:45:00+00:00,NAIL: Analysts Have Given Up On Homebuilding Stocks,SeekingAlpha,https://finnhub.io/api/news?id=7c38d0eade60d4ec16d3487e548626afca002118af51873de60dc8246cbecd18
LOW,2025-09-20T16:42:44+00:00,Why Income Investors Shouldn’t Overlook A. O. Smith Corporation (AOS) When Searching for Cheap Dividend Stocks,Yahoo,https://finnhub.io/api/news?id=8e95216c9f927a4d8e1e3167a38395eb138508fabee13d4e99207615487c2a5f
LOW,2025-09-20T13:13:56+00:00,Lowe’s (LOW): Exploring Valuation as Shares Drift Without Clear Catalyst,Yahoo,https://finnhub.io/api/news?id=d54023b0854393dee26cc23c6576c30021d6f37050f58483baac6bade7b1b61c
LOW,2025-09-20T13:00:15+00:00,"Lowe's Companies, Inc. (NYSE:LOW) is favoured by institutional owners who hold 78% of the company",Yahoo,https://finnhub.io/api/news?id=6952552b9945b525fe2b0202882353e39937c40b7bac57137d372fe6e70fe76a
LOW,2025-09-20T00:04:53+00:00,Dividend Stock Portfolio Insights: Why Lowe’s Companies (LOW) Remains Attractive for Investors,Yahoo,https://finnhub.io/api/news?id=6007e6bb96d3e64cb71ef17f1a595b56fbb2b440913967e2c76dd32e6274e748
LOW,2025-09-19T11:06:20+00:00,US housing shares shine as Fed restarts rate cuts,Yahoo,https://finnhub.io/api/news?id=06d3c8697953ff1dcfa77ba3300efa47a0de96f279c2e3c074db789c7953b6d6
LOW,2025-09-18T14:38:40+00:00,"Target initiated, Nike upgraded: Wall Street's top analyst calls",Yahoo,https://finnhub.io/api/news?id=a24d1a341054da2491511db8ed1618b8f1046ff4e4735d4c6b07a6aed91ed790
LOW,2025-09-18T12:00:00+00:00,Intrizen Named to 2025 Inc. 5000 List of America’s Fastest-Growing Private Companies,Yahoo,https://finnhub.io/api/news?id=bd64fa4f4c674fe5539692a05f4dea69243939afcd6b6ff7000b7e1c77b73a51
LOW,2025-09-17T17:00:00+00:00,Lowe's Named 2025 ELC Corporate Award Honoree for Holistic People-Centered Leadership,Yahoo,https://finnhub.io/api/news?id=d08fbf1e9a8b1a3a6715a740039c9b675b1bfe30e7f4e4d28eb3d655d054e8e6
LOW,2025-09-17T15:31:00+00:00,Is Builder Confidence Set to Rebound on Looming Fed Rate Cuts?,Yahoo,https://finnhub.io/api/news?id=9de7bf99967103ab2b025ebc4ab57c08394209b224a0a3ddfd839c6484b4d589
LOW,2025-09-17T13:25:33+00:00,VCR: Consumer Discretionary Dashboard For September,SeekingAlpha,https://finnhub.io/api/news?id=faa002ea3946a7fdf23169e91ed13aebded93a727ba005cb4ffa88a69ea43857
LOW,2025-09-17T12:00:00+00:00,A Rate Cut May Be The Push The Housing Market Needs,Yahoo,https://finnhub.io/api/news?id=38dd4e587a20ae8ad74f5ec13dd867e93ca60e513c832f8d134ac1701e7c5553
LOW,2025-09-17T05:37:09+00:00,1 S&P 500 Stock with Exciting Potential and 2 We Turn Down,Yahoo,https://finnhub.io/api/news?id=fc0eecdf7d8878a8f1cd4670b4d13cfac96b8eebeaf7b2fe57b866c7c8aa32cc
LOW,2025-09-16T13:29:00+00:00,Top 20 Companies Recognized in Labrador Transparency’s 2025 U.S. Transparency Awards,Yahoo,https://finnhub.io/api/news?id=75420e9be9f7e8461d4b1bd23b0c1d423e6d18e68108fe32d20c23c76dac3867
LOW,2025-09-15T15:19:00+00:00,Home Depot Digital Sales Jump 12%: Is Online Edge a Moat?,Yahoo,https://finnhub.io/api/news?id=cd4465164d7964814641d5bc6d9fde587a7b02738b5b0fa1a61a1f0c0bcb34e6
LOW,2025-09-12T16:19:32+00:00,"Tariff-Driven Price Increases Taking Hold, With More Hikes on the Cards, Oppenheimer Study Shows",Yahoo,https://finnhub.io/api/news?id=8dd99d13c5f194ba8732e82ce9968f07435155e8c6a50c64391656b856aa0c4a
LOW,2025-09-11T17:30:00+00:00,The ELC Awards $2 Million in Scholarships to More Than 100 Emerging Business Leaders in 2025 Cohort,Yahoo,https://finnhub.io/api/news?id=66e4ca9b3bc9faf3b58be57d0f1b49b83789a709993c52893b323380b7c5fcf3
LOW,2025-09-11T15:58:46+00:00,Jacobs says QXO can thrive even as giants Home Depot and Lowe’s loom over deals,Yahoo,https://finnhub.io/api/news?id=5302a64af7a9073c149e299145b358bb97f7b76e0669a6bfb01dc2ae381bf051
LOW,2025-09-11T14:00:02+00:00,"Here is What to Know Beyond Why Lowe's Companies, Inc. (LOW) is a Trending Stock",Yahoo,https://finnhub.io/api/news?id=aa1bd5b25a087ef683816705b220618d1e4e3199b44d73df2fecac584bb2017c
LOW,2025-09-10T18:27:43+00:00,"Broadcom Inc. (AVGO) Is Up Because People Feel It Can Rival NVIDIA, Says Jim Cramer",Yahoo,https://finnhub.io/api/news?id=7dbed4d0b913ba77051a15ac3f84789ff3e1088e36350742854dbe8f31967b84
LOW,2025-09-10T16:00:00+00:00,How Home Depot's GMS Acquisition Redefines Its Pro Contractor Reach,Yahoo,https://finnhub.io/api/news?id=e440e1ede82b59cb0d849d5daadb18d3f48aa317c0d9e03daf2d597b16679512
LOW,2025-09-10T13:01:52+00:00,Lowe's Companies' (NYSE:LOW) 12% CAGR outpaced the company's earnings growth over the same five-year period,Yahoo,https://finnhub.io/api/news?id=3a5608d8d25a1ef94d78ab69ed2b95d7cf342a62e30493c05c91cadf613db4f9
LOW,2025-09-10T12:17:00+00:00,PIT BOSS AND LOWE'S BRING GAME DAY PROMOTIONS TO FOOTBALL FANS NATIONWIDE,Yahoo,https://finnhub.io/api/news?id=97134ea46584ac7d2141629577efb1e41363f9815c04f07872d1d754afa7772b
LOW,2025-09-09T17:55:00+00:00,Dell Technologies Gains 6% in 3 Months: Time to Buy the Stock?,Yahoo,https://finnhub.io/api/news?id=d4de73366cbb18e7a394cc74a5ce717d4c26b33e30e9d0d00febbb861e0badca
LOW,2025-09-09T16:36:00+00:00,Lowe's Cos. stock underperforms Tuesday when compared to competitors,MarketWatch,https://finnhub.io/api/news?id=d051426c5b8dc84d65e520100933a51a4977f7b042c38224d3ac0ae3bb9d04bf
LOW,2025-09-09T15:06:00+00:00,RH Gears to Report Q2 Earnings: Here's What Investors Must Know,Yahoo,https://finnhub.io/api/news?id=9a8d1fc077770b46ec7f933fcd0b332965d2a42aa71d546f78b244167750707c
LOW,2025-09-09T12:37:00+00:00,Lowe’s CEO Marvin Ellison Is Prepared for a Housing Rebound,MarketWatch,https://finnhub.io/api/news?id=e2539e83f740c99698d37ae661f652fe3affdcb629d6c4adad480fbd4cded5ce
LOW,2025-09-08T16:36:00+00:00,Lowe's Cos. stock underperforms Monday when compared to competitors despite daily gains,MarketWatch,https://finnhub.io/api/news?id=19122a3613b0b768c0b2ebf2e84f2bd16343d5ef42ad62a9a1a61755d1f2333e
LOW,2025-09-07T23:48:00+00:00,"Lowe's Pro-Market Expansion, Digital Momentum, And Rate Cuts Should Drive Upside",SeekingAlpha,https://finnhub.io/api/news?id=cb2d21f500c2b232b6b5c31ef5d9a7386ffe3d737db8cc502e3294ae164b90ee
LOW,2025-09-07T08:15:00+00:00,The BLSH Strategy: The Compounding Machine,SeekingAlpha,https://finnhub.io/api/news?id=71194d83bc202d1f835c72a788ae20fcdcac36539034f341effe3d5c2bc3a2b0
LOW,2025-09-05T11:30:00+00:00,Lowe’s Lays Foundation for Housing Rebound,Yahoo,https://finnhub.io/api/news?id=d194e26e89f5b22f050d5a97e28a06cb1865d627fca25144bca2cb988d454c41
LOW,2025-09-04T16:33:00+00:00,Home Depot Stock Up 10% in 3 Months: Is Holding Still the Best Move?,Yahoo,https://finnhub.io/api/news?id=64edb2b2a365201b7a361cf814a0bb939f2b07083c9686cf6f0c5cb01841b26f
LOW,2025-09-04T13:00:00+00:00,"Lowe's Teams Up with NFL Superstars to Launch 'Earn Your Sunday,' Encouraging Fans to Get Projects Done Before Game Day",Yahoo,https://finnhub.io/api/news?id=1e8f6b1a45b17920f6e22bf132f69bdb26044e0bb172b270d69b4bfa19b6001f
LOW,2025-09-03T16:53:16+00:00,"Lowe's Companies, Inc. (LOW) Presents At Goldman Sachs 32nd Annual Global Retailing Conference 2025 Transcript",SeekingAlpha,https://finnhub.io/api/news?id=c2a8eb0537bddb57879fe7f51904a9f377a20b317f9bfdf46170c3cd7845696f
LOW,2025-09-03T16:30:00+00:00,Pro vs. DIY: Which Customer Segment Will Power Lowe's in 2025?,Yahoo,https://finnhub.io/api/news?id=b3754fecad6b8f029c6cb56e60979c7d8c8c8972dfa969d838ea4021b4fbc877
LOW,2025-09-03T16:02:29+00:00,How Is Lowe's Stock Performance Compared to Other Consumer Discretionary Stocks?,Yahoo,https://finnhub.io/api/news?id=1374d13bdedbefcdb0cf274f00d1f516d3aeb24880328a3e648d7a8e66ee5d67
LOW,2025-09-03T15:50:00+00:00,"How Will Home Depot Balance Debt, Capex and Shareholder Payouts?",Yahoo,https://finnhub.io/api/news?id=6c56803c52d36f863bb849c320982c5d2f3210c2f71c3cecb361594ab97ddf03
LOW,2025-09-03T15:00:13+00:00,"Lowe's Companies Insiders Sell US$1.9m Of Stock, Possibly Signalling Caution",Yahoo,https://finnhub.io/api/news?id=c6e940fa501e69e6e998f36e467672dc49d9367a1e9808cb05caa4ac2d12d21f
LOW,2025-09-02T11:38:00+00:00,How to Play Back-to-School Season With ETFs & Stocks,Yahoo,https://finnhub.io/api/news?id=bcf86f0efdd02c654bdbad23bb483305aead390665484fc53f12838c7f713896
LOW,2025-09-02T04:32:32+00:00,Q2 Earnings Roundup: Synchrony Financial (NYSE:SYF) And The Rest Of The Credit Card Segment,Yahoo,https://finnhub.io/api/news?id=87bcf2cb4f313a236bb037620b896353b6e5e5301ad45f3fa52276ce2d9cbee5
LOW,2025-08-30T12:00:14+00:00,"Is It Time To Consider Buying Lowe's Companies, Inc. (NYSE:LOW)?",Yahoo,https://finnhub.io/api/news?id=e1ccda7d96f8a5c23c2bca496e1e87d11cf2072215926a3b53e0427bd00c2539
LOW,2025-08-30T10:00:49+00:00,The biggest problem for retailers is still inflation — not the consumer,Yahoo,https://finnhub.io/api/news?id=d5f6d0e8113d72059798635cce70f0d812db3cf2cb893abafacbf939aaab0db9
LOW,2025-08-29T20:30:00+00:00,"LOWE'S COMPANIES, INC. DECLARES CASH DIVIDEND",Yahoo,https://finnhub.io/api/news?id=64bfe4c3c5cf95602aba3f8993bd105fa625802851474db82dcbdb206b4de534
LOW,2025-08-29T13:40:03+00:00,Why This 1 Value Stock Could Be a Great Addition to Your Portfolio,Yahoo,https://finnhub.io/api/news?id=fa3751355d50f615dc1d39b579fd0d6acc4d70ba2e825cf38aecff95fc73eac5
LOW,2025-08-29T11:37:23+00:00,"Earnings live: Affirm swings to profit, Alibaba stock rises, Dell slides, Marvell tanks",Yahoo,https://finnhub.io/api/news?id=31aadf7e7b5f68a66836e2c9bdb3c75de7072c0537cb7c7af012df44aa39072d
LOW,2025-08-28T18:40:00+00:00,Dying to Decorate? These Bone-Chilling Skeletons Are Scary Good,Yahoo,https://finnhub.io/api/news?id=c151778550ef18188b4fb34d5a63d7ff84e8eae7a67e201a16ce678eb41b5e39
LOW,2025-08-28T12:54:00+00:00,These underdog stocks are leading Wall Street gains in August while Big Tech takes a backseat. Will it last?,MarketWatch,https://finnhub.io/api/news?id=2fdf4a867de8d3f9823fcf8506edcd90b790eecdf05cfc2caf012ddcd084a745
LOW,2025-08-28T12:10:09+00:00,Massive Home Depot retail theft ring exposed,Yahoo,https://finnhub.io/api/news?id=dd0874f0ab312d291cd29b16584ff99efa009c7f500f2e2c494542cd4f98c10d
LOW,2025-08-28T12:05:00+00:00,Homebuilder ETFs: Framing The Opportunity,SeekingAlpha,https://finnhub.io/api/news?id=38d4dd70bb5d310449c8504a2003dbbb9bd1278797d2aa85521964127e13dffb
LOW,2025-08-28T07:51:41+00:00,QXO: Kicking Off An M&A Rush For Building Products Distribution,SeekingAlpha,https://finnhub.io/api/news?id=2d59950960ae96a9f92db1a80fecbbdde44ade622150dea8e126584c1d0c2f81
LOW,2025-08-27T20:27:24+00:00,"Earnings live: Nvidia stock falls on data center revenue miss, Snowflake pops, CrowdStrike drops",Yahoo,https://finnhub.io/api/news?id=a451d8bdd6a718fef4a6cdf6d445c8abb7fc0ffb35bcdbcb636087f3c9e641c5
LOW,2025-08-27T16:55:00+00:00,"WSM Stock Up on Q2 Earnings & Revenue Beat, FY25 View Up",Yahoo,https://finnhub.io/api/news?id=a781379fe8d8f9cafe190c4f20af61e23f5650ca1ca70b9fba008d151a6e75cc
LOW,2025-08-27T14:09:49+00:00,Best Dividend Aristocrats For September 2025,SeekingAlpha,https://finnhub.io/api/news?id=6fa72cb3c60dde4a3180ad17c2df91d58aa59ccc934dd1f72334c03464c353e0
LOW,2025-08-27T12:26:59+00:00,"Earnings live: MongoDB stock soars on AI tailwind, Kohl's surges, Okta gains",Yahoo,https://finnhub.io/api/news?id=dbc70accd3832a6318d6fc582d9e07674e7e07d89d7400d9d1313f4569a1d32b
LOW,2025-08-27T05:30:43+00:00,5 Insightful Analyst Questions From Lowe's’s Q2 Earnings Call,Yahoo,https://finnhub.io/api/news?id=47d3a44a3d6770e479c2733c69845e1ba46f7053daa27f7c242a6557da88cdc8
LOW,2025-08-26T20:30:00+00:00,LOWE'S TO PARTICIPATE IN GOLDMAN SACHS 32ND ANNUAL GLOBAL RETAILING CONFERENCE,Yahoo,https://finnhub.io/api/news?id=c5aeb896a0aab84b9a6f36b1376a9b839fe2eb825ed7250bf1fcc09683231c74
LOW,2025-08-26T18:00:00+00:00,"DELL Set to Report Q2 Earnings: Buy, Sell or Hold the Stock?",Yahoo,https://finnhub.io/api/news?id=7afed2ca8ce0843aaf25ca6f2cceb5401065b25b68de7319628f48e940a9244c
LOW,2025-08-26T14:48:00+00:00,Here's What Investors Must Know Ahead of Williams-Sonoma's Q2 Release,Yahoo,https://finnhub.io/api/news?id=bd04a61178034e1fdbf8de45e1a45df010bc574e1cae09867b0cddd7d2f033dd
LOW,2025-08-26T12:10:46+00:00,"Earnings live: Wolfspeed, Bank of Montreal stocks rise as Nvidia's earnings countdown begins",Yahoo,https://finnhub.io/api/news?id=26641a1eb461f183dd7ab882a1838d8618348c1bf1fe7234c2b79db3e6b16283
LOW,2025-08-26T12:00:15+00:00,"Under The Bonnet, Lowe's Companies' (NYSE:LOW) Returns Look Impressive",Yahoo,https://finnhub.io/api/news?id=c1c8d949fae46b328042c4af393d22ad4692c3479f33b6859e9af8617d27a8dd
LOW,2025-08-26T10:44:15+00:00,Lowe's Or Home Depot? The Surprise Winner In Home Improvement,SeekingAlpha,https://finnhub.io/api/news?id=f13923a2e13b450d10a813dd355b452ae300593eba16cd29f116b29d9ad87414
LOW,2025-08-26T10:07:32+00:00,"MasterBrand, Inc. (MBC): A Bull Case Theory",Yahoo,https://finnhub.io/api/news?id=795f93ee8464db4c696addd29dcc87817e628efdc6e48ef2df66a9adc83c8c8b
LOW,2025-08-25T21:04:18+00:00,"Earnings live: PDD Holdings stock falls after hours, Wolfspeed gains as Nvidia's earnings countdown begins",Yahoo,https://finnhub.io/api/news?id=c42d03617538c8d711d29a46957f87079668feee4be145e793a71186748b1d95
LOW,2025-08-25T17:47:00+00:00,When AI Execs Say the Market Looks Bubbly,Yahoo,https://finnhub.io/api/news?id=5b6b3cc233f0496b20119a630d9eb715bb292313e4318739c7596cded33a1620
LOW,2025-08-25T15:16:00+00:00,Home Depot Q2 EPS Stays Flat: Are Margins the Next Risk Factor?,Yahoo,https://finnhub.io/api/news?id=248d143c3eaac98a09151161a60536b7502e46756dad2060b25ec06a1ca1ce8d
LOW,2025-08-25T12:00:54+00:00,Earnings live: Temu owner PDD Holdings stock gains as Nvidia earnings countdown begins,Yahoo,https://finnhub.io/api/news?id=0805d635ad3f9d87ccaf071f888e3eca8a64a338c8f712340c80a88d83d29a0c
LOW,2025-08-25T11:00:00+00:00,Which Is the Better Buy Right Now: Costco or Home Depot Stock?,Yahoo,https://finnhub.io/api/news?id=96ba1b176d9ba22672988c41b81c4efe4345d80b872cc34efb3469397a020817
LOW,2025-08-24T22:13:01+00:00,Best Dividend Kings: August 2025,SeekingAlpha,https://finnhub.io/api/news?id=b205882fb36f336283c65b6af8f4412f4bdd077e314fb076e96572d9a44d2aa2
LOW,2025-08-23T18:00:49+00:00,US consumers continue to seek value: What recent earnings tell us,Yahoo,https://finnhub.io/api/news?id=cee915c58a66eae5a32de26a3c0b7f8f3c754e68895be6ae699dd2cb7fb41314
LOW,2025-08-23T17:33:00+00:00,Lowe’s struggles to fix a concerning customer problem,Yahoo,https://finnhub.io/api/news?id=08dcaee8a2fed12f515b4f7ddeb99adf641263ba920df6a92e535197630d266c
LOW,2025-08-23T14:00:00+00:00,"Companies Continue To Soar Under Black Leadership, Just Ask Lowe’s CEO Marvin Ellison",Yahoo,https://finnhub.io/api/news?id=a171260ad20afcbf4f053534590a01e3e98985478f6182fac82704aa28221569
LOW,2025-08-23T07:24:00+00:00,"Billionaire Warren Buffett Sold 41% of Berkshire's Stake in Bank of America and Is Piling Into an Industry Leader That's Gained Almost 47,000% Since Its IPO",Yahoo,https://finnhub.io/api/news?id=c7f569f096315326e0994d3abb5c8a0cefff30dfe411b99588662dd4b825fad8
LOW,2025-08-22T21:02:50+00:00,Earnings live: Zoom stock jumps as markets turn their focus to Nvidia earnings,Yahoo,https://finnhub.io/api/news?id=b4e4e125aae266e24a411195df8c713fcfa451c22529fc8ae7a7277994b3c717
LOW,2025-08-22T18:04:00+00:00,"Say ""I Do"" to Corpse Bride Halloween Decor",Yahoo,https://finnhub.io/api/news?id=c3749240b6debbd6cbc302cca75b6249136c756cbac44109f6f4b21547b98364
LOW,2025-08-22T17:56:13+00:00,"HubSpot, monday.com, Pegasystems, Lowe's, and Grocery Outlet Shares Are Soaring, What You Need To Know",Yahoo,https://finnhub.io/api/news?id=093a6a8029a73f6ebfab4b5e4e364fbd1025bb3faed6147754d8a1afb4feaaa6
LOW,2025-08-22T16:13:00+00:00,Walmart and Other Retailers Have Eaten the Cost of Tariffs. Now It Is the Consumer’s Turn.,Yahoo,https://finnhub.io/api/news?id=b12cbff18775e2f450c18ca07d9d1768a47359bfa55b3e4f6a8290e1184277a7
LOW,2025-08-22T16:00:49+00:00,"Dow Jones Hits Record High On Dovish Powell After AI Worries, Walmart Woes: Weekly Review",Yahoo,https://finnhub.io/api/news?id=7187f3420966d0d43b88420c8ba1cec8181394cb39e309cb7acefe086b2f386c
LOW,2025-08-22T14:21:05+00:00,Nvidia Stock Pauses Ahead Of Key Earnings Report; Will Results From Veeva Systems Impress Again?,Yahoo,https://finnhub.io/api/news?id=698566887b62046e1b39a366c67f3f8e0fab116dcb45a9b042cf7a57df69a7e1
LOW,2025-08-22T12:12:02+00:00,"Earnings live: Zoom stock jumps; Workday, Intuit, and BJ's Wholesale Club fall after reporting results",Yahoo,https://finnhub.io/api/news?id=1bae529d4012d84b17796465d7741e275896f0b70c52e0c12a7a17dc2fa713f2
LOW,2025-08-22T11:09:26+00:00,Lowe's Companies Second Quarter 2026 Earnings: In Line With Expectations,Yahoo,https://finnhub.io/api/news?id=fa46e122a6f8d1ef31b86f2b99a3b046890ed67e71ed1ca91bc8932d113a8325
LOW,2025-08-22T08:01:00+00:00,"Workers Lose Out as Stock Buybacks Jump and CEO Pay Skyrockets, Study Says",Yahoo,https://finnhub.io/api/news?id=7fd23505c4c284b5d0357b92c08d99868af7ecd17147672dd7a7e36a9d32b2cc
LOW,2025-08-21T20:29:01+00:00,"Earnings live: Walmart, Workday, and Intuit fall after reporting results, Zoom stock pops",Yahoo,https://finnhub.io/api/news?id=64def2616238880626d0c1ca797e2d1f9ceb7a93ae77d1332cc7c1b991e42283
LOW,2025-08-21T19:25:52+00:00,Retail earnings highlight consumer trade-offs amid tariffs,Yahoo,https://finnhub.io/api/news?id=581bdc4c3a3ccbcb88977fc28786d6f9e50a7cea0b8aaaa33d9fb87e2d897beb
LOW,2025-08-21T19:12:00+00:00,"Home Depot, Lowe’s Target Pro Businesses to Boost Revenue",Yahoo,https://finnhub.io/api/news?id=d48d25057ee7cbd93e90e8db72acd5367a3f5646cd7fc84a2ecb6d7c3fe6f899
LOW,2025-08-21T14:57:23+00:00,Walmart is still embarrassing Target: Opening Bid top takeaway,Yahoo,https://finnhub.io/api/news?id=49911592d6ca81e7965e6277cb47139cb2a59e770f6465757092aca503ea1395
LOW,2025-08-21T14:52:39+00:00,"Lowe's Q2 Results Driven by Positive Pro Growth, Sustained Benefits From PPI Initiatives, RBC Says",Yahoo,https://finnhub.io/api/news?id=69480bc8be4b5a1017a6ef706c9c0988fd849ccd6196769ae4e7cd14747e9729
LOW,2025-08-21T14:49:14+00:00,Lowe’s raises 2025 outlook and boosts Pro offering with $8.8bn deal,Yahoo,https://finnhub.io/api/news?id=8ee3c039ad704a32ede5acbe6f0a09e7a0cfdf1ec584f2ce0d3c912b0924bac1
LOW,2025-08-21T12:05:35+00:00,Earnings live: Walmart stock falls on earnings miss as CEO flags higher tariff-related costs,Yahoo,https://finnhub.io/api/news?id=930a5b80f1b93f499ed014c0d967894d0ff457a3124d089e9dab451cd5176cf0
LOW,2025-08-21T11:08:00+00:00,Lowe’s $8.8B acquisition aims to strengthen pro business,Yahoo,https://finnhub.io/api/news?id=d8be164287bc25af76b841d0cb5b15966bab52dc6c202b5e4b9479db9de51be9
LOW,2025-08-21T11:00:37+00:00,"With 78% ownership, Lowe's Companies, Inc. (NYSE:LOW) boasts of strong institutional backing",Yahoo,https://finnhub.io/api/news?id=201e1eea27e2195c4b2bdb520bcd563d71be9bd5b1810b48b1c78ee1a0835901
LOW,2025-08-21T10:17:04+00:00,"US stock futures flat as investors await Walmart earnings, Powell remarks",Yahoo,https://finnhub.io/api/news?id=f61061738f42f6c6daecce505c3644d37354f67a9377a97076bfe0b2862f3d78
LOW,2025-08-21T07:29:47+00:00,"Retail Earnings Roundup: Walmart Will Follow Target, Lowe's and TJX",Yahoo,https://finnhub.io/api/news?id=b3751887acdf200bf8b5dd5d21d55341c73a5fdf3555f8a5d4c8fd121ad29900
LOW,2025-08-21T07:08:26+00:00,Lowe's Companies Inc (LOW) Q2 2025 Earnings Call Highlights: Strong Sales and Strategic ...,Yahoo,https://finnhub.io/api/news?id=4f361aeead65cd83064451e5246acda9270653d6ec05dd1ea3b029b0151ca3f4
LOW,2025-08-21T07:00:00+00:00,Lowe’s credits associate-facing app for customer satisfaction boost,Yahoo,https://finnhub.io/api/news?id=9f5e7601aedbccd4f1920e57d66521bc4ada23350847b14de110b2892dc55692
LOW,2025-08-21T05:31:06+00:00,LOW Q2 Deep Dive: Strategic Pro Acquisitions and Productivity Drive Guidance Increase,Yahoo,https://finnhub.io/api/news?id=3c7c88aed2c961e44a27b8bc94f4c24e1a73f1488bc1c4f1e56efc777b75b648
LOW,2025-08-20T21:51:46+00:00,"Lowe's to Buy Foundation Building Materials for $8.8B, Lifts Outlook",Yahoo,https://finnhub.io/api/news?id=9ee0fd96b666fa4c79f3381f69c6267fe36129dea88b9e0396b1cd28e87e680e
LOW,2025-08-20T21:48:46+00:00,Retail Earnings Up Next: Walmart,Yahoo,https://finnhub.io/api/news?id=a0c98d41daa1dd0d02ee7d06f16b2d0d59dec70009298680630267eab5b09303
LOW,2025-08-20T21:30:00+00:00,"Retail earnings: Consumers are spending on needs, not wants",Yahoo,https://finnhub.io/api/news?id=6fa0cc2442a76a05b94f3d23279f14e7b43346c0d3072e5693f2445e055d82e0
LOW,2025-08-20T21:11:22+00:00,"Nasdaq, S&P 500 Fall as Traders Parse Fed Minutes; Intel Slides 7%",Yahoo,https://finnhub.io/api/news?id=1fb2f7b938dee014062cb085c9894c1e577028420fef4525e430cb6becde5364
LOW,2025-08-20T20:53:40+00:00,US Equity Indexes Close Mixed as Fed Minutes Reveal Division Among Policymakers,Yahoo,https://finnhub.io/api/news?id=4879b02a420ff059bfc093dc1df7b87d0dbb2f3cab57139b2a3b3df88ef2ce01
LOW,2025-08-20T20:51:08+00:00,Stock Market Today: Dow Ekes Out Gain; Nasdaq Comes Off Lows While Palantir Retakes Key Level After 15% Plunge,Yahoo,https://finnhub.io/api/news?id=a36ee542fd7e3b1702ef51afce87d8efcbec3f6741f790464fbd30f3f6efbe32
LOW,2025-08-20T20:44:38+00:00,James Hardie stock collapses nearly 35% as US housing slump hits building materials,Yahoo,https://finnhub.io/api/news?id=c493dec7e223c9c7159f6a0c55bde1fad6f987005ef97097d34f1f87b91d6dd6
LOW,2025-08-20T20:40:00+00:00,Watch Walmart’s Earnings for What’s Really Going On in Retail,Yahoo,https://finnhub.io/api/news?id=aef1f8a077a4d355634a3c2a57c6a13608559544130d88e7d1d3ff9173af932d
LOW,2025-08-20T20:19:00+00:00,"These Stocks Moved the Most Today: Target, Palantir, Intel, Nvidia, Dayforce, Hertz, James Hardie, and More",Yahoo,https://finnhub.io/api/news?id=b99fec659e25ad3b6d23c0dff609e649c63b4383be59d55a6037320d32593800
LOW,2025-08-20T20:18:00+00:00,Earnings live: Target stock falls with Walmart earnings on deck,Yahoo,https://finnhub.io/api/news?id=a37388e0a6e280846a342be47e753af93212671fa9dd58c8b4ead3ee12d0d832
LOW,2025-08-20T19:49:54+00:00,"Stocks to Watch Recap: Lowe’s, Toll Brothers, Estée Lauder, Intel",Yahoo,https://finnhub.io/api/news?id=4b1af07b63c3de71472927fd46e1c8adbbe21bc8d8ff94ed70c0ba51183316cd
LOW,2025-08-20T19:44:50+00:00,Sector Update: Consumer Stocks Mixed Late Afternoon,Yahoo,https://finnhub.io/api/news?id=7501fc663cdde43bf2111b21937b3ffc8d2755da8ef3be7b3489524b8860fe62
LOW,2025-08-20T18:45:17+00:00,Lowe's Companies Makes A Massive Move,SeekingAlpha,https://finnhub.io/api/news?id=921c19aaaecaeadf6a5732da3a6a50d5748af78dea2d021f1b5e1303832a44ff
LOW,2025-08-20T18:35:35+00:00,Lowe's: Working On Its Pro Offerings,SeekingAlpha,https://finnhub.io/api/news?id=20549005c102af013b225c1863e2c378cd8f2d7561175d1ac3b68e434dfa8765
LOW,2025-08-20T18:11:00+00:00,Lowe’s tops Home Depot with an $8.8 billion buyout deal and an earnings beat,MarketWatch,https://finnhub.io/api/news?id=10f0549bc8de91854e6490dd7457fe0f34ecb2fbcc482e854468ec34738abdf1
LOW,2025-08-20T17:49:35+00:00,Equity Markets Down Ahead of Fed Meeting Minutes,Yahoo,https://finnhub.io/api/news?id=a189aa757ef47bfe5b6648e8ef8b8176a5bb6d63d09aba7615b48773f7ff575f
LOW,2025-08-20T17:35:02+00:00,Sector Update: Consumer Stocks Mixed Wednesday Afternoon,Yahoo,https://finnhub.io/api/news?id=9e420dcbd88cfb4f63270359838d8245d5a7610797c5d60dc8161911b58b4546
LOW,2025-08-20T17:05:09+00:00,Lowe's buys Foundation Building Materials for $8.8 billion,Yahoo,https://finnhub.io/api/news?id=37fb5bd2063c21fabc2242e9505b7091d093f76c350d92b12233cd01089b4591
